Name,Team,PA,wRC+,PlayerId,Year
Aaron Judge,NYY,673.456,172.265,15640,2025
Yordan Alvarez,HOU,595.326,171.461,19556,2025
Juan Soto,NYM,676.348,168.766,20123,2025
Shohei Ohtani,LAD,689.47,156.407,19755,2025
Vladimir Guerrero Jr.,TOR,671.42,155.441,19611,2025
Gunnar Henderson,BAL,684.196,149.366,26289,2025
Ronald Acuña Jr.,ATL,590.037,145.612,18401,2025
Fernando Tatis Jr.,SDP,678.868,143.889,19709,2025
Corey Seager,TEX,571.872,143.657,13624,2025
Bryce Harper,PHI,670.57,142.492,11579,2025
Kyle Tucker,CHC,669.16,142.136,18345,2025
Bobby Witt Jr.,KCR,679.473,141.935,25764,2025
Mookie Betts,LAD,684.524,140.466,13611,2025
Yandy Díaz,TBR,693.626,137.721,16578,2025
Freddie Freeman,LAD,666.089,137.535,5361,2025
José Ramírez,CLE,663.944,136.334,13510,2025
Julio Rodríguez,SEA,676.659,134.686,23697,2025
Brent Rooker,ATH,664.621,133.241,19627,2025
Mike Trout,LAA,531.37,133.091,10155,2025
Ketel Marte,ARI,668.828,131.994,13613,2025
Joc Pederson,TEX,455.289,130.697,11899,2025
Rafael Devers,BOS,668.832,130.265,17350,2025
Riley Greene,DET,654.518,129.446,25976,2025
Kyle Schwarber,PHI,667.939,127.673,16478,2025
Corbin Carroll,ARI,681.551,127.349,25878,2025
William Contreras,MIL,653.24,126.94,20503,2025
Matt Olson,ATL,649.079,126.663,14344,2025
Vinnie Pasquantino,KCR,644.061,126.277,27676,2025
Isaac Paredes,HOU,620.728,125.976,20036,2025
Carlos Correa,MIN,582.164,125.465,14162,2025
Austin Riley,ATL,662.476,125.44,18360,2025
Pete Alonso,NYM,656.64,124.329,19251,2025
Adley Rutschman,BAL,620.241,124.282,26288,2025
Steven Kwan,CLE,694.965,124.271,24610,2025
Michael Harris II,ATL,644.561,123.969,25931,2025
Junior Caminero,TBR,642.797,123.962,28163,2025
Wyatt Langford,TEX,626.977,123.844,33333,2025
Triston Casas,BOS,593.369,123.762,22514,2025
Christian Walker,HOU,646.216,123.614,13419,2025
Lars Nootbaar,STL,513.278,123.328,21454,2025
Jonathan Aranda,TBR,332.011,123.28,21837,2025
Jackson Merrill,SDP,641.159,122.925,29490,2025
Anthony Santander,TOR,658.562,122.548,14551,2025
Alex Bregman,BOS,664.03,122.461,17678,2025
Brandon Lowe,TBR,552.58,122.402,18882,2025
Manny Machado,SDP,647.916,122.399,11493,2025
Willson Contreras,STL,610.748,122.38,11609,2025
Francisco Lindor,NYM,687.521,122.251,12916,2025
Marcell Ozuna,ATL,634.987,122.251,10324,2025
Royce Lewis,MIN,563.301,121.966,20437,2025
Lawrence Butler,ATH,672.279,121.823,22542,2025
Jordan Westburg,BAL,532.897,121.465,27815,2025
James Wood,WSN,621.258,121.451,29518,2025
Kerry Carpenter,DET,495.828,120.76,25961,2025
Seiya Suzuki,CHC,569.052,120.576,30116,2025
Jung Hoo Lee,SFG,632.169,120.379,33824,2025
Christian Yelich,MIL,600.466,120.324,11477,2025
Alejandro Kirk,TOR,418.801,120.025,22581,2025
Jose Altuve,HOU,694.57,119.538,5417,2025
Jacob Wilson,ATH,477.835,119.37,33266,2025
Randy Arozarena,SEA,651.989,119.334,19290,2025
Yainer Diaz,HOU,564.827,119.176,23003,2025
Spencer Horwitz,PIT,448.48,119.098,26477,2025
Mark Vientos,NYM,628.283,118.86,22184,2025
Ryan O'Hearn,BAL,407.796,118.838,16442,2025
Kyle Manzardo,CLE,448.228,118.829,29794,2025
Brandon Nimmo,NYM,595.388,118.578,12927,2025
Matt Wallner,MIN,492.834,118.378,26466,2025
Giancarlo Stanton,NYY,486.84,118.262,4949,2025
Eloy Jiménez,TBR,193.786,118.248,17484,2025
Brendan Donovan,STL,608.696,118.089,24679,2025
Bo Bichette,TOR,622.073,117.918,19612,2025
Jorge Soler,LAA,580.435,117.915,14221,2025
Will Wagner,TOR,366.804,117.831,29634,2025
Jackson Chourio,MIL,672.769,117.454,28806,2025
Will Smith,LAD,494.905,117.292,19197,2025
Ian Happ,CHC,678.125,117.261,17919,2025
Nolan Schanuel,LAA,551.791,117.038,33189,2025
Jesse Winker,NYM,412.647,116.967,13590,2025
Luis Arraez,SDP,691.764,116.964,18568,2025
Colton Cowser,BAL,541.466,116.9,29591,2025
Masataka Yoshida,BOS,389.916,116.857,31837,2025
JJ Bleday,ATH,659.455,116.546,26368,2025
Matt McLain,CIN,595.394,116.357,29695,2025
LaMonte Wade Jr.,SFG,472.216,116.283,18126,2025
Teoscar Hernández,LAD,643.301,116.221,13066,2025
Gabriel Moreno,ARI,468.81,115.982,22664,2025
Iván Herrera,STL,359.707,115.853,20599,2025
Josh Naylor,ARI,615.288,115.789,18839,2025
Paul Goldschmidt,NYY,625.837,115.744,9218,2025
Byron Buxton,MIN,508.98,115.519,14161,2025
Cal Raleigh,SEA,595.494,115.481,21534,2025
Alec Burleson,STL,495.167,115.049,27615,2025
Ryan Mountcastle,BAL,514.686,114.937,18373,2025
Jazz Chisholm Jr.,NYY,603.284,114.759,20454,2025
Colt Keith,DET,525.25,114.658,27899,2025
Marcus Semien,TEX,694.828,114.474,12533,2025
Chase DeLauter,CLE,98.523,114.357,sa3021053,2025
Oneil Cruz,PIT,639.091,114.266,21711,2025
Nathaniel Lowe,WSN,620.098,114.082,19566,2025
Matt Chapman,SFG,641.682,114.052,16505,2025
Trea Turner,PHI,686.268,113.988,16252,2025
Christopher Morel,TBR,492.862,113.981,21897,2025
Tyler O'Neill,BAL,474.08,113.945,15711,2025
Taylor Ward,LAA,678.669,113.888,17548,2025
Zach Neto,LAA,531.573,113.752,31347,2025
Trevor Larnach,MIN,477.485,113.668,21501,2025
Josh Lowe,TBR,539.711,113.535,19953,2025
Bryan Reynolds,PIT,674.72,113.511,19326,2025
Kristian Campbell,BOS,236.455,113.392,sa3023011,2025
Tyler Soderstrom,ATH,514.719,113.301,27467,2025
Shea Langeliers,ATH,503.646,113.155,25816,2025
Xander Bogaerts,SDP,624.21,113.101,12161,2025
Jurickson Profar,ATL,661.869,112.963,10815,2025
Cody Bellinger,NYY,596.156,112.956,15998,2025
Jake Burger,TEX,580.408,112.938,22275,2025
Max Muncy,LAD,531.117,112.916,13301,2025
Jasson Domínguez,NYY,626.65,112.736,28080,2025
Jose Miranda,MIN,374.737,112.5,20538,2025
Jonathan India,KCR,627.16,112.273,21523,2025
Francisco Alvarez,NYM,457.856,112.214,26121,2025
Gleyber Torres,DET,665.788,111.887,16997,2025
Ozzie Albies,ATL,635.798,111.707,16556,2025
Miguel Andujar,ATH,333.161,111.646,15878,2025
Ha-Seong Kim,TBR,414.143,111.542,27506,2025
Jarren Duran,BOS,687.773,111.376,24617,2025
Luke Raley,SEA,466.419,111.285,19354,2025
Alec Bohm,PHI,618.331,111.254,21618,2025
Danny Jansen,TBR,351.5,111.217,16535,2025
David Fry,CLE,168.257,111.11,24934,2025
Heston Kjerstad,BAL,375.576,111.06,31166,2025
Elly De La Cruz,CIN,672.639,110.982,26668,2025
Andrew Vaughn,CHW,614.842,110.961,26197,2025
Rob Refsnyder,BOS,219.293,110.93,13770,2025
Michael Conforto,LAD,472.261,110.888,16376,2025
Ryan Jeffers,MIN,384.131,110.848,24618,2025
Evan Carter,TEX,480.159,110.695,27790,2025
Richie Palacios,TBR,340.449,110.612,24589,2025
Jesús Sánchez,MIA,539.078,110.412,19913,2025
Alan Roden,TOR,105.091,110.327,sa3020212,2025
Curtis Mead,TBR,26.5075,110.095,23986,2025
Luis García Jr.,WSN,524.368,109.977,20391,2025
George Springer,TOR,644.78,109.878,12856,2025
Ben Rice,NYY,45.0757,109.861,29576,2025
Andy Pages,LAD,131.867,109.562,24816,2025
Ty France,MIN,405.04,109.56,17982,2025
Willy Adames,SFG,663.872,109.379,15986,2025
Adolis García,TEX,605.212,109.061,19287,2025
Michael Busch,CHC,555.264,109.035,26319,2025
J.P. Crawford,SEA,590.862,109.027,15491,2025
Josh Bell,WSN,574.48,108.882,13145,2025
Dominic Canzone,SEA,52.2669,108.812,26438,2025
Mike Tauchman,CHW,415.11,108.793,15274,2025
Carlos Santana,CLE,579.827,108.616,2396,2025
Tyler Freeman,CLE,101.268,108.549,22532,2025
Wilyer Abreu,BOS,451.593,108.183,23772,2025
Pavin Smith,ARI,327.63,107.776,19892,2025
Jackson Holliday,BAL,411.47,107.702,31781,2025
Seth Brown,ATH,310.606,107.615,18171,2025
Luis Campusano,SDP,311.047,107.58,22217,2025
Jeff McNeil,NYM,496.517,107.551,15362,2025
Lourdes Gurriel Jr.,ARI,557.101,107.448,19238,2025
Jhonkensy Noel,CLE,316.334,107.396,24257,2025
Austin Wells,NYY,436.85,107.295,27562,2025
Chase Meidroth,CHW,229.887,107.068,sa3020011,2025
Christian Encarnacion-Strand,CIN,340.009,107.053,30011,2025
Ramón Urías,BAL,210.69,106.971,18795,2025
Coby Mayo,BAL,116.662,106.88,28312,2025
Cedric Mullins,BAL,524.552,106.707,17929,2025
Jeremy Peña,HOU,620.792,106.485,21636,2025
CJ Abrams,WSN,632.843,106.458,25768,2025
Spencer Steer,CIN,558.494,106.338,26323,2025
Luis Rengifo,LAA,601.808,106.321,19858,2025
Victor Caratini,HOU,193.456,106.196,14968,2025
Matt Shaw,CHC,482.882,106.191,sa3022615,2025
Wilmer Flores,SFG,366.006,106.12,5827,2025
Nolan Arenado,STL,637.083,106.062,9777,2025
Jordan Walker,STL,524.393,105.991,27475,2025
Heliot Ramos,SFG,598.871,105.965,22515,2025
Nico Hoerner,CHC,550.758,105.775,21479,2025
Emmanuel Rodriguez,MIN,59.1138,105.498,sa3014693,2025
Masyn Winn,STL,676.335,105.449,27479,2025
Nathan Lukes,TOR,92.9704,105.266,18123,2025
Logan O'Hoppe,LAA,444.853,105.24,24729,2025
Lane Thomas,CLE,601.172,105.128,16939,2025
Xavier Edwards,MIA,621.242,105.115,22266,2025
Rhys Hoskins,MIL,555.987,105.095,16472,2025
Jake McCarthy,ARI,525.937,105.093,21622,2025
Johnathan Rodriguez,CLE,138.351,105.079,22530,2025
Salvador Perez,KCR,618.665,105.022,7304,2025
Josh Jung,TEX,561.405,104.984,26299,2025
Josh Smith,TEX,371.751,104.983,26396,2025
Mark Canha,,413.958,104.907,11445,2025
Justyn-Henry Malloy,DET,81.8278,104.806,29606,2025
Andrew Benintendi,CHW,556.163,104.734,17901,2025
Sean Murphy,ATL,406.088,104.729,19352,2025
Miguel Vargas,CHW,475.174,104.472,20178,2025
Rowdy Tellez,SEA,20.4408,104.399,15679,2025
MJ Melendez,KCR,476.21,104.306,22197,2025
Will Brennan,CLE,218.784,104.216,25660,2025
Mitch Garver,SEA,310.682,104.212,15161,2025
Luis Robert Jr.,CHW,674.157,104.083,20043,2025
Edouard Julien,MIN,311.04,104.078,27534,2025
Justin Turner,CHC,356.485,103.93,5235,2025
Davis Schneider,TOR,170.641,103.826,23565,2025
Jake Cronenworth,SDP,610.782,103.711,18036,2025
Andrés Giménez,TOR,607.851,103.701,19950,2025
Brandon Marsh,PHI,490.631,103.567,20202,2025
Juan Yepez,WSN,89.3967,103.561,18400,2025
Addison Barger,TOR,149.556,103.439,24598,2025
Luke Keaschall,MIN,52.5456,103.438,sa3022614,2025
Hunter Renfroe,KCR,352.066,103.387,15464,2025
Luis Urías,ATH,298.236,103.249,16622,2025
Matt Vierling,DET,542.888,103.165,21558,2025
Jon Singleton,HOU,79.2632,103.099,10441,2025
Starling Marte,NYM,277.071,102.966,9241,2025
Eugenio Suárez,ARI,580.734,102.912,12552,2025
Parker Meadows,DET,599.564,102.749,23800,2025
Ben Gamel,HOU,189.365,102.73,12160,2025
Chas McCormick,HOU,414.673,102.659,19599,2025
Ernie Clement,TOR,287.833,102.641,20352,2025
Roman Anthony,BOS,348.115,102.573,sa3020211,2025
Dansby Swanson,CHC,630.636,102.515,18314,2025
Joey Ortiz,MIL,571.22,102.479,25493,2025
Jake Fraley,CIN,433.594,102.411,19260,2025
Victor Robles,SEA,576.864,102.338,18363,2025
Spencer Torkelson,DET,207.452,102.257,27465,2025
TJ Friedl,CIN,594.003,102.13,19522,2025
Nolan Gorman,STL,458.985,102.102,22263,2025
Nick Castellanos,PHI,621.386,101.955,11737,2025
Brooks Lee,MIN,431.761,101.918,31595,2025
Bryson Stott,PHI,594.953,101.915,26294,2025
Esteury Ruiz,ATH,112.714,101.895,21780,2025
Brayan Rocchio,CLE,493.235,101.833,23690,2025
Dylan Carlson,BAL,33.0616,101.754,20126,2025
Anthony Volpe,NYY,607.477,101.71,27647,2025
Jace Jung,DET,324.172,101.462,31437,2025
Max Kepler,PHI,478.043,101.458,12144,2025
Miguel Amaya,CHC,291.179,101.411,21693,2025
Nolan Jones,COL,492.736,101.381,20529,2025
Daulton Varsho,TOR,547.997,101.369,19918,2025
Colby Thomas,ATH,105.091,101.332,sa3020713,2025
Alek Thomas,ARI,252.644,101.302,23792,2025
Bo Naylor,CLE,396.982,101.238,21865,2025
Alex Verdugo,,382.315,101.238,17027,2025
Chandler Simpson,TBR,78.8184,101.238,sa3020219,2025
Andrés Chaparro,WSN,27.5378,101.182,21797,2025
Donovan Solano,SEA,349.533,101.146,8623,2025
Jonny DeLuca,TBR,446.853,101.122,26365,2025
Garrett Mitchell,MIL,484.722,101.047,27555,2025
Jerar Encarnacion,SFG,213.67,100.871,21871,2025
Randal Grichuk,ARI,251.675,100.864,10243,2025
J.D. Martinez,,423.172,100.833,6184,2025
Brett Baty,NYM,26.0673,100.819,26123,2025
Nick Gonzales,PIT,471.482,100.774,27490,2025
Jonah Bride,MIA,423.216,100.774,24703,2025
Gio Urshela,ATH,351.295,100.763,10681,2025
Gary Sánchez,BAL,246.19,100.737,11442,2025
Jorge Polanco,SEA,509.555,100.701,13152,2025
J.T. Realmuto,PHI,480.056,100.549,11739,2025
Travis d'Arnaud,LAA,245.216,100.509,7739,2025
Tyler Stephenson,CIN,487.531,100.414,17988,2025
Leody Taveras,TEX,293.207,100.384,18900,2025
Connor Joe,SDP,326.125,100.332,16572,2025
Luken Baker,STL,121.434,100.124,21497,2025
Austin Martin,MIN,109.24,100.038,27462,2025
Michael Massey,KCR,509.918,100.018,27684,2025
Jo Adell,LAA,437.283,99.9454,20220,2025
Willi Castro,MIN,615.415,99.907,17338,2025
Eguy Rosario,SDP,276.322,99.6968,19964,2025
Gavin Lux,CIN,444.582,99.65,19955,2025
Yasmani Grandal,,161.88,99.6442,11368,2025
Leo Jiménez,TOR,70.1087,99.585,23782,2025
Mike Yastrzemski,SFG,488.795,99.4083,14854,2025
Trent Grisham,NYY,167.071,99.1582,18564,2025
Darell Hernaiz,ATH,102.4,98.9947,26224,2025
Oswaldo Cabrera,NYY,317.309,98.965,21707,2025
Brett Harris,ATH,25.39,98.9557,29788,2025
Keibert Ruiz,WSN,459.626,98.9454,19610,2025
Miguel Sanó,,74.6367,98.8905,12164,2025
Ronny Mauricio,NYM,26.9832,98.8723,23698,2025
Andrew McCutchen,PIT,461.508,98.7709,9847,2025
Adrian Del Castillo,ARI,111.11,98.7457,29554,2025
Wenceel Pérez,DET,350.925,98.47,22857,2025
Anthony Rizzo,,342.238,98.4396,3473,2025
Owen Caissie,CHC,32.841,98.4122,sa3014465,2025
Geraldo Perdomo,ARI,482.953,98.384,22799,2025
Otto Lopez,MIA,456.511,98.3413,19608,2025
Tyler Locklear,SEA,91.5283,98.2422,31396,2025
Alex Call,WSN,265.87,98.1878,19296,2025
Zack Gelof,ATH,602.571,98.1528,29766,2025
Juan Brito,CLE,264.499,98.1368,sa3009808,2025
Jason Heyward,SDP,338.196,98.0709,4940,2025
Tyler Black,MIL,365.896,98.0406,29949,2025
Luis Matos,SFG,220.276,97.9911,26467,2025
Tommy Edman,LAD,556.692,97.8918,19470,2025
DJ LeMahieu,NYY,432.176,97.8511,9874,2025
Sal Frelick,MIL,433.494,97.8056,29622,2025
Dylan Moore,SEA,381.778,97.7038,18042,2025
Jeimer Candelario,CIN,505.525,97.6771,13621,2025
Freddy Fermin,KCR,264.621,97.5252,21840,2025
Joshua Palacios,PIT,133.614,97.4686,19818,2025
Nelson Velázquez,KCR,120.185,97.4591,23359,2025
Edgar Quero,CHW,146.602,97.435,sa3015239,2025
Jake Meyers,HOU,369.853,97.3366,20308,2025
Dylan Crews,WSN,614.822,97.2591,33541,2025
Hyeseong Kim,LAD,371.563,97.1594,sa3012639,2025
Sean Bouchard,COL,142.554,97.1235,21270,2025
Orelvis Martinez,TOR,196.236,97.0045,25967,2025
Nick Yorke,PIT,135.385,96.5944,27504,2025
Pete Crow-Armstrong,CHC,513.033,96.5844,27769,2025
Deyvison De Los Santos,MIA,328.41,96.5615,sa3015168,2025
Jarred Kelenic,ATL,168.746,96.5074,22558,2025
Austin Shenton,SEA,39.8803,96.4302,25425,2025
Austin Slater,CHW,224.23,96.3578,16153,2025
Carson Kelly,CHC,275.658,96.2047,13620,2025
David Peralta,,249.273,96.0998,2136,2025
Ezequiel Duran,TEX,168.834,96.0035,23733,2025
Gavin Sheets,SDP,102.014,95.754,19901,2025
Taylor Trammell,HOU,136.898,95.7237,19960,2025
Everson Pereira,NYY,25.8021,95.6881,23695,2025
Endy Rodríguez,PIT,357.776,95.6707,25332,2025
Tyrone Taylor,NYM,320.688,95.5275,13675,2025
Dairon Blanco,KCR,182.532,95.4664,19779,2025
Ramón Laureano,BAL,195.501,95.4016,17128,2025
Christian Moore,LAA,262.728,95.3958,sa3025168,2025
Connor Norby,MIA,613.095,95.3834,29592,2025
Jack Suwinski,PIT,67.2188,95.3251,22244,2025
Lenyn Sosa,CHW,323.62,95.2509,22896,2025
Mauricio Dubón,HOU,310.825,95.0439,16530,2025
Josh Rojas,CHW,329.854,94.9872,19734,2025
Romy Gonzalez,BOS,93.6426,94.9751,21562,2025
Mitch Haniger,SEA,386.484,94.9248,14274,2025
Austin Hays,CIN,444.473,94.9237,19363,2025
Jordan Lawlar,ARI,245.391,94.8807,29976,2025
Kyle Stowers,MIA,434.145,94.8449,26151,2025
Nick Madrigal,NYM,78.052,94.8331,20521,2025
Hao-Yu  Lee,DET,39.4092,94.7737,sa3017863,2025
Nick Loftin,KCR,118.872,94.7513,27630,2025
Brendan Rodgers,HOU,219.49,94.7466,17907,2025
Brice Turang,MIL,569.18,94.6321,22186,2025
Yuli Gurriel,SDP,27.0454,94.544,19198,2025
Oswald Peraza,NYY,227.144,94.5007,22823,2025
Tirso Ornelas,SDP,280.195,94.4651,sa3004048,2025
Yoán Moncada,LAA,485.122,94.4229,17232,2025
Andy Ibáñez,DET,200.511,94.3881,18819,2025
Kyle Teel,CHW,171.036,94.109,sa3022886,2025
Maikel Garcia,KCR,568.882,93.9201,22715,2025
Enrique Hernández,LAD,278.608,93.9117,10472,2025
Cal Stevenson,PHI,32.1848,93.6823,22411,2025
Ke'Bryan Hayes,PIT,550.497,93.6563,18577,2025
Eric Wagaman,MIA,160.923,93.6313,23395,2025
Brandon Drury,CHW,251.133,93.536,11615,2025
Ryan Bliss,SEA,89.9945,93.535,29547,2025
Gabriel Arias,CLE,137.143,93.4564,22563,2025
Jhonny Pereda,ATH,117.593,93.4555,19802,2025
Caleb Durbin,MIL,243.023,93.4001,sa3017183,2025
Jose Iglesias,,354.818,93.2939,10231,2025
Luis Guillorme,HOU,38.567,93.2791,16451,2025
Cole Young,SEA,177.341,93.1966,sa3020459,2025
Michael Toglia,COL,545.491,93.0983,25845,2025
Harrison Bader,MIN,349.875,92.955,18030,2025
Angel Martínez,CLE,226.816,92.9307,26540,2025
Tommy Pham,PIT,514.399,92.7337,2967,2025
Tom Murphy,SFG,167.621,92.6473,13499,2025
Miguel Rojas,LAD,102.265,92.6418,7802,2025
Bryce Eldridge,SFG,98.523,92.5887,sa3022757,2025
Drake Baldwin,ATL,128.277,92.4613,sa3019920,2025
J.D. Davis,LAA,109.827,92.4181,16219,2025
Jake Mangum,TBR,164.205,92.1982,sa3011255,2025
Jonah Heim,TEX,304.555,92.1838,16930,2025
Joey Gallo,CHW,132.192,92.0263,14128,2025
Joey Bart,PIT,371.258,91.9627,21524,2025
Bryan Ramos,CHW,112.621,91.9393,25621,2025
Drew Waters,KCR,76.9671,91.7913,20505,2025
José Caballero,TBR,276.907,91.7387,23401,2025
Matt Thaiss,CHW,103.291,91.6009,19318,2025
Tyler Fitzgerald,SFG,542.662,91.5378,26208,2025
Manuel Margot,MIL,20.3876,91.4948,14712,2025
Kyle Isbel,KCR,491.697,91.4753,21614,2025
Hunter Goodman,COL,307.092,91.4533,29715,2025
Ben Rortvedt,TBR,235,91.3896,20287,2025
Will Benson,CIN,110.155,91.3612,21853,2025
Brooks Baldwin,CHW,213.097,91.3356,31394,2025
Jared Triolo,PIT,225.163,91.2194,25807,2025
José Abreu,,160.592,91.1927,15676,2025
Patrick Bailey,SFG,465.756,91.0332,27478,2025
Drew Millas,WSN,41.7892,90.938,25643,2025
Ryan McMahon,COL,646.843,90.8933,15112,2025
Robbie Grossman,,168.499,90.82,5254,2025
Dillon Dingler,DET,221.232,90.5582,27464,2025
José Tena,WSN,336.591,90.5117,23691,2025
Zach McKinstry,DET,188.754,90.4756,19392,2025
Sam Hilliard,COL,256.381,90.4336,17954,2025
Kris Bryant,COL,482.882,90.3525,15429,2025
Rafael Marchán,PHI,131.378,90.2103,21646,2025
Kyle Higashioka,TEX,290.25,90.1987,5517,2025
Shay Whitcomb,HOU,52.5935,90.0108,27789,2025
Miles Mastrobuoni,SEA,32.0433,89.9755,20017,2025
Connor Wong,BOS,345.435,89.88,19896,2025
Bryan De La Cruz,ATL,112.141,89.8514,19600,2025
Amed Rosario,WSN,227.889,89.7168,15518,2025
Mickey Moniak,LAA,282.83,89.6874,19956,2025
Weston Wilson,PHI,116.849,89.6185,19358,2025
Orlando Arcia,ATL,528.867,89.5187,13185,2025
Thairo Estrada,COL,470.544,89.3646,16426,2025
Matt Mervis,MIA,252.255,89.3431,27845,2025
Leo Rivas,SEA,64.2915,89.3024,21009,2025
Henry Davis,PIT,25.2754,89.2224,29617,2025
Riley Adams,WSN,108.316,89.0466,19864,2025
Tyler Gentry,KCR,32.4983,89.0238,27784,2025
Thomas Saggese,STL,208.393,88.9511,27883,2025
Agustin Ramirez,MIA,243.286,88.9418,sa3009276,2025
Andruw Monasterio,MIL,111.629,88.8269,19455,2025
Marcelo Mayer,BOS,32.841,88.8025,sa3017114,2025
Blake Sabol,BOS,54.5039,88.7366,25805,2025
Ceddanne Rafaela,BOS,383.064,88.702,24262,2025
Blake Perkins,MIL,299.449,88.5564,19921,2025
Dustin Harris,TEX,32.5935,88.5157,25705,2025
Ezequiel Tovar,COL,669.709,88.4958,24064,2025
Santiago Espinal,CIN,186.298,88.3561,19997,2025
Oscar Colás,CHW,154.429,88.0573,30162,2025
Jake Rogers,DET,350.677,87.8567,19452,2025
Trey Sweeney,DET,312.903,87.7626,29575,2025
Pedro Pagés,STL,224.111,87.5846,25782,2025
Casey Schmitt,SFG,83.4582,87.4854,27577,2025
Jon Berti,CHC,190.609,87.4202,12037,2025
Logan Driscoll,TBR,29.9813,87.3728,25475,2025
Taylor Walls,TBR,217.839,87.3498,22458,2025
Edmundo Sosa,PHI,129.891,87.2509,17022,2025
Javier Sanoja,MIA,208.627,87.2492,28253,2025
Daniel Schneemann,CLE,125.066,87.0407,25180,2025
Liam Hicks,MIA,98.1946,86.9712,sa3017400,2025
Dane Myers,MIA,336.841,86.9306,22054,2025
Jeferson Quero,MIL,24.4337,86.9283,sa3015407,2025
Vidal Bruján,CHC,109.235,86.8723,20536,2025
Luisangel Acuña,NYM,149.671,86.8713,26548,2025
Luis Torrens,NYM,148.564,86.6538,15905,2025
Jorge Mateo,BAL,120.198,86.5904,17273,2025
Graham Pauley,MIA,116.896,86.518,31363,2025
Kevin Alcántara,CHC,51.7757,86.4676,25971,2025
DaShawn Keirsey Jr.,MIN,45.5915,86.4624,24496,2025
Jacob Melton,HOU,203.614,86.4081,sa3019988,2025
Whit Merrifield,,227.039,86.3954,11281,2025
Derek Hill,MIA,254.046,86.3299,16947,2025
Brett Wisely,SFG,140.9,86.2205,27735,2025
Stuart Fairchild,CIN,237.776,86.0047,20321,2025
Kameron Misner,TBR,53.1696,85.9726,26374,2025
Jacob Young,WSN,531.253,85.9256,29931,2025
Isiah Kiner-Falefa,PIT,503.487,85.823,16512,2025
Nick Allen,ATL,100.432,85.803,22277,2025
Brenton Doyle,COL,659.882,85.7163,25479,2025
Adam Duvall,,192.734,85.3061,10950,2025
Kevin Pillar,,155.099,85.283,12434,2025
Jonatan Clase,TOR,32.2435,85.2707,26599,2025
Pedro León,HOU,51.3978,85.2647,27781,2025
Billy Cook,PIT,101.059,85.2298,29573,2025
Javier Báez,DET,323.269,85.2285,12979,2025
Jordan Beck,COL,402.166,85.0961,31431,2025
Oliver Dunn,MIL,252.896,85.0893,26295,2025
Matt Carpenter,,131.295,85.0718,8090,2025
David Hamilton,BOS,72.1969,85.0366,27531,2025
Travis Jankowski,,150.912,84.7976,13768,2025
Griffin Conine,MIA,345.624,84.7752,21626,2025
Max Schuemann,ATH,100.974,84.7575,24488,2025
Chris Taylor,LAD,267.497,84.7533,13757,2025
Darick Hall,PIT,32.5373,84.6768,19717,2025
Nick Pratto,KCR,82.0342,84.5574,22117,2025
Johan Rojas,PHI,275.545,84.4492,24336,2025
Tim Tawa,ARI,26.2728,84.3195,sa3016970,2025
Jose Trevino,CIN,239.872,84.2965,16725,2025
Max Muncy,ATH,45.9774,84.2774,sa3017290,2025
Christian Bethancourt,TOR,69.7789,83.9807,10028,2025
Austin Barnes,LAD,128.045,83.7769,12158,2025
Kyle Farmer,COL,252.843,83.7478,14813,2025
Joey Loperfido,TOR,141.731,83.6805,29630,2025
Tim Elko,CHW,26.2728,83.2949,sa3020188,2025
Marco Luciano,SFG,58.778,83.1473,25616,2025
Jose Siri,NYM,368.167,82.8359,17452,2025
Adael Amador,COL,31.6935,82.8263,27962,2025
Jake Bauers,MIL,33.7953,82.7906,15194,2025
Alex Jackson,NYY,139.353,82.7317,17276,2025
Grant McCray,SFG,102.331,82.6416,25690,2025
Adam Frazier,PIT,230.211,82.4036,15223,2025
Dominic Fletcher,CHW,58.2657,82.1531,26149,2025
James McCann,,193.768,81.9356,12859,2025
Brandon Lockridge,SDP,40.2536,81.8763,21496,2025
Michael Helman,STL,59.3824,81.8075,24605,2025
Stone Garrett,WSN,26.6492,81.7689,19273,2025
Carlos Narvaez,BOS,188.096,81.6882,19722,2025
Noelvi Marte,CIN,141.326,81.6715,26517,2025
Trevor Story,BOS,577.864,81.611,12564,2025
Elias Díaz,SDP,289.336,81.3354,11680,2025
Nick Fortes,MIA,314.372,81.2679,21538,2025
Nick Senzel,CHW,66.3354,80.812,19293,2025
Victor Scott II,STL,227.975,80.4238,31349,2025
Christian Vázquez,MIN,274.875,80.336,9774,2025
Blaze Alexander,ARI,131.331,79.8057,23789,2025
Colson Montgomery,CHW,438.984,79.7118,sa3017170,2025
Trey Lipscomb,WSN,38.1672,79.2849,31567,2025
Chadwick Tromp,ATL,52.9012,79.1714,16953,2025
Jacob Stallings,COL,266.038,79.0074,13723,2025
Max Acosta,MIA,45.9774,78.9405,sa3014711,2025
Sam Huff,SFG,30.2433,78.8599,22209,2025
Joey Wiemer,KCR,120.497,78.7765,27690,2025
Aledmys Díaz,,79.9297,78.7378,15937,2025
Zac Veen,COL,39.4092,78.6482,sa3014516,2025
Yan Gomes,,47.1186,78.1279,9627,2025
Eli White,ATL,20.2547,78.1187,19346,2025
Tim Anderson,LAA,96.4629,77.8631,15172,2025
Petey Halpin,CLE,26.2728,77.7829,sa3014461,2025
Eric Haase,MIL,120.204,77.5718,14111,2025
Paul DeJong,WSN,208.962,77.503,18015,2025
Kevin Newman,LAA,207.702,77.4521,17696,2025
Jose Herrera,ARI,70.3041,77.3916,17040,2025
Jared Serna,MIA,105.091,76.6138,sa3015579,2025
Tyler Heineman,TOR,130.248,76.3286,13897,2025
Michael Siani,STL,250.677,76.0289,22557,2025
Matt Duffy,,98.8863,75.8997,13836,2025
Darren Baker,WSN,26.5817,75.7204,29912,2025
Liover Peguero,PIT,25.7497,75.4583,24273,2025
Drew Romo,COL,222.48,75.3798,27763,2025
Brady House,WSN,65.682,75.1888,sa3017694,2025
Victor Mesa Jr.,MIA,91.9548,74.9899,sa3010700,2025
Korey Lee,CHW,167.048,74.1168,25543,2025
Michael A. Taylor,CHW,157.582,73.5284,11489,2025
Brock Wilken,MIL,32.841,72.491,sa3022499,2025
Greg Jones,COL,59.4277,72.036,25448,2025
Robert Hassell III,WSN,32.841,71.9647,sa3014701,2025
Tyler Wade,SDP,104.846,71.5658,15730,2025
Luke Williams,ATL,32.5566,70.988,19931,2025
Jason Delay,PIT,75.8666,70.3999,19806,2025
Scott Kingery,LAA,26.2728,70.2832,17975,2025
Myles Straw,TOR,75.3919,69.4499,17620,2025
Grae Kessinger,ARI,27.2978,67.8146,25813,2025
Martín Maldonado,SDP,28.5675,56.2774,6887,2025
Austin Hedges,CLE,174.31,54.6325,12976,2025
Travis Bazzana,CLE,144.5,51.138,sa3025129,2025
Jac Caglianone,KCR,59.1138,48.0814,sa3025245,2025
Aaron Judge,NYY,704,218,15640,2024
Bobby Witt Jr.,KCR,709,168,25764,2024
Shohei Ohtani,LAD,731,181,19755,2024
Juan Soto,NYY,713,180,20123,2024
Gunnar Henderson,BAL,719,155,26289,2024
Francisco Lindor,NYM,689,137,12916,2024
Jarren Duran,BOS,735,129,24617,2024
José Ramírez,CLE,682,141,13510,2024
Elly De La Cruz,CIN,696,118,26668,2024
Ketel Marte,ARI,583,151,13613,2024
Vladimir Guerrero Jr.,TOR,697,165,19611,2024
Matt Chapman,SFG,647,121,16505,2024
William Contreras,MIL,679,131,20503,2024
Cal Raleigh,SEA,628,117,21534,2024
Jackson Merrill,SDP,593,130,29490,2024
Yordan Alvarez,HOU,635,168,19556,2024
Bryce Harper,PHI,631,145,11579,2024
Brent Rooker,OAK,614,164,19627,2024
Willy Adames,MIL,688,119,15986,2024
Marcell Ozuna,ATL,688,154,10324,2024
Corey Seager,TEX,533,140,13624,2024
Mookie Betts,LAD,516,141,13611,2024
Dansby Swanson,CHC,593,99,18314,2024
Patrick Bailey,SFG,448,81,27478,2024
Jurickson Profar,SDP,668,139,10815,2024
Carlos Correa,MIN,367,155,14162,2024
Kyle Tucker,HOU,339,180,18345,2024
Marcus Semien,TEX,718,99,12533,2024
Steven Kwan,CLE,540,131,24610,2024
Rafael Devers,BOS,601,134,17350,2024
Alex Bregman,HOU,634,118,17678,2024
Freddie Freeman,LAD,638,137,5361,2024
Corbin Carroll,ARI,684,107,25878,2024
Riley Greene,DET,584,135,25976,2024
Colton Cowser,BAL,561,120,29591,2024
Jose Altuve,HOU,682,127,5417,2024
Nico Hoerner,CHC,641,103,21479,2024
Jackson Chourio,MIL,573,117,28806,2024
Trea Turner,PHI,539,124,16252,2024
Julio Rodríguez,SEA,613,116,23697,2024
Eugenio Suárez,ARI,640,115,12552,2024
Ezequiel Tovar,COL,695,95,24064,2024
Brenton Doyle,COL,603,97,25479,2024
Byron Buxton,MIN,388,142,14161,2024
Ian Happ,CHC,657,122,17919,2024
Masyn Winn,STL,637,103,27479,2024
Manny Machado,SDP,643,122,11493,2024
Seiya Suzuki,CHC,585,138,30116,2024
Oneil Cruz,PIT,599,110,21711,2024
Alec Bohm,PHI,606,115,21618,2024
Zach Neto,LAA,602,114,31347,2024
Teoscar Hernández,LAD,652,134,13066,2024
Austin Wells,NYY,414,105,27562,2024
Anthony Volpe,NYY,689,86,27647,2024
Kyle Schwarber,PHI,692,135,16478,2024
Anthony Santander,BAL,665,129,14551,2024
Lawrence Butler,OAK,451,130,22542,2024
Daulton Varsho,TOR,513,99,19918,2024
Brendan Donovan,STL,652,115,24679,2024
Fernando Tatis Jr.,SDP,438,135,19709,2024
Salvador Perez,KCR,652,115,7304,2024
Victor Robles,SEA,262,154,18363,2024
Joey Ortiz,MIL,511,104,25493,2024
Nolan Arenado,STL,635,102,9777,2024
JJ Bleday,OAK,642,120,26368,2024
Willi Castro,MIN,635,108,17338,2024
Wilyer Abreu,BOS,447,114,23772,2024
Luis García Jr.,WSN,528,111,20391,2024
Yainer Diaz,HOU,619,117,23003,2024
Jake McCarthy,ARI,495,110,21622,2024
Carlos Santana,MIN,594,114,2396,2024
Christian Yelich,MIL,315,153,11477,2024
Christian Walker,ARI,552,119,13419,2024
Tyler Stephenson,CIN,515,112,17988,2024
Isaac Paredes,TBR,429,132,20036,2024
Tyler Fitzgerald,SFG,341,132,26208,2024
Joc Pederson,ARI,449,151,11899,2024
Wyatt Langford,TEX,557,110,33333,2024
Mark Vientos,NYM,454,133,22184,2024
Adley Rutschman,BAL,638,104,26288,2024
Miguel Rojas,LAD,337,111,7802,2024
Nathaniel Lowe,TEX,565,121,19566,2024
Jonathan India,CIN,637,108,21523,2024
Josh Smith,TEX,592,111,26396,2024
Alejandro Kirk,TOR,386,94,22581,2024
Jeremy Peña,HOU,650,100,21636,2024
Andrés Giménez,CLE,633,83,19950,2024
Jordan Westburg,BAL,447,125,27815,2024
Brandon Nimmo,NYM,663,109,12927,2024
Will Smith,LAD,544,111,19197,2024
Taylor Ward,LAA,663,111,17548,2024
Pete Crow-Armstrong,CHC,410,87,27769,2024
Ha-Seong Kim,SDP,470,101,27506,2024
Willson Contreras,STL,358,140,11609,2024
Jacob Young,WSN,521,85,29931,2024
Matt Vierling,DET,567,108,21558,2024
Matt Olson,ATL,685,117,14344,2024
Jose Iglesias,NYM,291,137,10231,2024
Gabriel Moreno,ARI,351,107,22664,2024
Otto Lopez,MIA,434,91,19608,2024
Tyler O'Neill,BOS,473,131,15711,2024
Brice Turang,MIL,619,87,22186,2024
Dylan Moore,SEA,441,105,18042,2024
Austin Riley,ATL,469,116,18360,2024
Brandon Marsh,PHI,476,108,20202,2024
Kerry Carpenter,DET,296,160,25961,2024
Max Muncy,LAD,293,135,13301,2024
Cedric Mullins,BAL,499,105,17929,2024
Jazz Chisholm Jr.,NYY,191,132,20454,2024
Luke Raley,SEA,455,129,19354,2024
Michael Busch,CHC,567,119,26319,2024
Heliot Ramos,SFG,518,120,22515,2024
Josh Naylor,CLE,633,118,18839,2024
Brandon Lowe,TBR,425,123,18882,2024
Jake Rogers,DET,337,71,19452,2024
Cody Bellinger,CHC,569,109,15998,2024
Xavier Edwards,MIA,303,128,22266,2024
Ernie Clement,TOR,452,94,20352,2024
Lourdes Gurriel Jr.,ARI,553,108,19238,2024
Parker Meadows,DET,298,111,23800,2024
Bryan Reynolds,PIT,692,118,19326,2024
Logan O'Hoppe,LAA,522,101,24729,2024
Iván Herrera,STL,259,127,20599,2024
Pete Alonso,NYM,695,122,19251,2024
Matt Wallner,MIN,261,155,26466,2024
Jake Cronenworth,SDP,656,105,18036,2024
Isiah Kiner-Falefa,TOR,281,118,16512,2024
J.T. Realmuto,PHI,413,109,11739,2024
Xander Bogaerts,SDP,463,95,12161,2024
Jake Meyers,HOU,513,86,20308,2024
Michael Harris II,ATL,470,99,25931,2024
Shea Langeliers,OAK,534,109,25816,2024
Geraldo Perdomo,ARI,388,101,22799,2024
Yandy Díaz,TBR,621,120,16578,2024
Francisco Alvarez,NYM,342,102,26121,2024
José Caballero,TBR,483,83,23401,2024
Ryan McMahon,COL,645,89,15112,2024
Victor Caratini,HOU,274,113,14968,2024
Edmundo Sosa,PHI,274,103,17022,2024
Spencer Horwitz,TOR,381,127,26477,2024
Freddy Fermin,KCR,368,91,21840,2024
Josh Rojas,SEA,476,91,19734,2024
CJ Abrams,WSN,602,107,25768,2024
Jose Siri,TBR,448,78,17452,2024
Bryson Stott,PHI,571,88,26294,2024
Travis d'Arnaud,ATL,341,103,7739,2024
Garrett Mitchell,MIL,224,126,27555,2024
Colt Keith,DET,556,97,27899,2024
Gleyber Torres,NYY,665,104,16997,2024
David Fry,CLE,392,129,24934,2024
Lars Nootbaar,STL,405,114,21454,2024
Jazz Chisholm Jr.,MIA,430,100,20454,2024
Ryan O'Hearn,BAL,494,119,16442,2024
Ryan Jeffers,MIN,465,107,24618,2024
David Hamilton,BOS,317,92,27531,2024
Jose Trevino,NYY,234,83,16725,2024
Carson Kelly,DET,203,108,13620,2024
J.P. Crawford,SEA,451,89,15491,2024
Bo Naylor,CLE,389,74,21865,2024
Blake Perkins,MIL,434,83,19921,2024
Kyle Higashioka,SDP,263,105,5517,2024
Mike Yastrzemski,SFG,474,106,14854,2024
Sal Frelick,MIL,524,86,29622,2024
Randal Grichuk,ARI,279,139,10243,2024
Gavin Lux,LAD,487,100,19955,2024
Michael Massey,KCR,356,102,27684,2024
Ryan Mountcastle,BAL,507,108,18373,2024
Trevor Larnach,MIN,400,121,21501,2024
Vinnie Pasquantino,KCR,554,108,27676,2024
Kyle Isbel,KCR,426,81,21614,2024
Luis Rengifo,LAA,304,117,19858,2024
Zack Gelof,OAK,547,82,29766,2024
Kevin Newman,ARI,311,89,17696,2024
Ben Rortvedt,TBR,328,87,20287,2024
Jesús Sánchez,MIA,537,100,19913,2024
Jake Burger,MIA,579,106,22275,2024
Yasmani Grandal,PIT,243,95,11368,2024
Richie Palacios,TBR,316,101,24589,2024
Max Schuemann,OAK,459,85,24488,2024
Andy Pages,LAD,443,100,24816,2024
Harrison Bader,NYM,437,85,18030,2024
Nick Gonzales,PIT,387,94,27490,2024
Joey Bart,PIT,282,121,21524,2024
LaMonte Wade Jr.,SFG,401,119,18126,2024
Jeff McNeil,NYM,472,97,15362,2024
Spencer Steer,CIN,656,96,26323,2024
Michael Conforto,SFG,488,112,16376,2024
Ozzie Albies,ATL,435,95,16556,2024
Tyrone Taylor,NYM,345,98,13675,2024
James Wood,WSN,336,120,29518,2024
Jesse Winker,WSN,379,125,13590,2024
Rob Refsnyder,BOS,307,130,13770,2024
Royce Lewis,MIN,325,108,20437,2024
George Springer,TOR,614,95,12856,2024
Alex Call,WSN,113,167,19296,2024
Luis Arraez,SDP,524,111,18568,2024
Johan Rojas,PHI,363,68,24336,2024
Mauricio Dubón,HOU,428,87,16530,2024
Maikel Garcia,KCR,626,69,22715,2024
Ramón Laureano,ATL,226,129,17128,2024
Paul Goldschmidt,STL,654,100,9218,2024
Jose Miranda,MIN,429,115,20538,2024
Leody Taveras,TEX,529,82,18900,2024
Brayan Rocchio,CLE,442,79,23690,2024
Zach McKinstry,DET,325,75,19392,2024
Michael Siani,STL,334,64,22557,2024
Connor Wong,BOS,487,110,19896,2024
Mike Tauchman,CHC,350,111,15274,2024
Wenceel Pérez,DET,425,95,22857,2024
Paul DeJong,CHW,363,97,18015,2024
Ronald Acuña Jr.,ATL,222,105,18401,2024
Jonah Bride,MIA,272,123,24703,2024
Randy Arozarena,TBR,409,109,19290,2024
Mike Trout,LAA,126,139,10155,2024
Josh Lowe,TBR,387,98,19953,2024
Lane Thomas,WSN,341,107,16939,2024
Max Kepler,MIN,399,94,12144,2024
Jacob Stallings,COL,281,114,13723,2024
Randy Arozarena,SEA,239,122,19290,2024
Ramón Urías,BAL,301,115,18795,2024
Jonny DeLuca,TBR,362,77,26365,2024
Pavin Smith,ARI,158,142,19892,2024
Oswaldo Cabrera,NYY,326,88,21707,2024
Jake Fraley,CIN,382,95,19260,2024
Nicky Lopez,CHW,445,77,19339,2024
Ceddanne Rafaela,BOS,571,79,24262,2024
Tommy Edman,LAD,153,98,19470,2024
Sean Murphy,ATL,264,78,19352,2024
Mark Canha,DET,377,101,11445,2024
Luis Torrens,NYM,130,90,15905,2024
Christian Vázquez,MIN,315,60,9774,2024
Masataka Yoshida,BOS,421,115,31837,2024
Donovan Solano,SDP,309,118,8623,2024
Jorge Mateo,BAL,208,87,17273,2024
Brendan Rodgers,COL,539,88,17907,2024
Giancarlo Stanton,NYY,459,116,4949,2024
Andy Ibáñez,DET,244,87,18819,2024
Orlando Arcia,ATL,602,72,13185,2024
Whit Merrifield,ATL,161,97,11281,2024
Gio Urshela,ATL,136,95,10681,2024
Amed Rosario,TBR,275,116,15518,2024
Adrian Del Castillo,ARI,87,146,29554,2024
Abraham Toro,OAK,364,87,19844,2024
Enrique Hernández,LAD,393,83,10472,2024
Luisangel Acuña,NYM,40,166,26548,2024
Dane Myers,MIA,108,112,22054,2024
Justin Turner,SEA,190,126,5235,2024
Nathan Lukes,TOR,91,132,18123,2024
Paul DeJong,KCR,119,89,18015,2024
Rece Hinds,CIN,51,175,27493,2024
Miguel Amaya,CHC,363,83,21693,2024
Nolan Schanuel,LAA,607,104,33189,2024
Sam Hilliard,COL,158,107,17954,2024
Junior Caminero,TBR,177,105,28163,2024
Jorge Soler,SFG,392,112,14221,2024
Christian Bethancourt,CHC,59,126,10028,2024
Trevor Story,BOS,106,101,12564,2024
Starling Marte,NYM,370,104,9241,2024
J.D. Martinez,NYM,495,108,6184,2024
Alec Burleson,STL,595,106,27615,2024
Jhonkensy Noel,CLE,198,118,24257,2024
Triston Casas,BOS,243,119,22514,2024
Will Wagner,TOR,86,125,29634,2024
Leo Jiménez,TOR,210,102,23782,2024
Rafael Marchán,PHI,56,146,21646,2024
Alex Verdugo,NYY,621,83,17027,2024
Danny Jansen,TOR,228,94,16535,2024
Nick Fortes,MIA,335,57,21538,2024
Kyle Farmer,MIN,242,85,14813,2024
Austin Barnes,LAD,156,86,12158,2024
Brett Wisely,SFG,272,75,27735,2024
Luis Robert Jr.,CHW,425,84,20043,2024
Dylan Crews,WSN,132,80,33541,2024
Jarred Kelenic,ATL,449,86,22558,2024
Jason Heyward,LAD,197,91,4940,2024
Emmanuel Rivera,BAL,73,166,19890,2024
Justin Turner,TOR,349,112,5235,2024
Connor Joe,PIT,416,92,16572,2024
Dairon Blanco,KCR,132,94,19779,2024
Andrew McCutchen,PIT,515,105,9847,2024
Garrett Hampson,KCR,231,59,19262,2024
Brett Baty,NYM,171,83,26123,2024
Pedro Pagés,STL,218,83,25782,2024
Trent Grisham,NYY,209,91,18564,2024
Will Brennan,CLE,353,98,25660,2024
Cavan Biggio,TOR,131,86,19252,2024
Miguel Andujar,OAK,319,103,15878,2024
Trey Sweeney,DET,119,81,29575,2024
David Peralta,SDP,260,115,2136,2024
Michael A. Taylor,PIT,300,50,11489,2024
Ryan Bliss,SEA,71,101,29547,2024
Tomás Nido,NYM,90,75,13755,2024
Eguy Rosario,SDP,57,125,19964,2024
César Salazar,HOU,32,126,21587,2024
Michael Toglia,COL,458,98,25845,2024
Austin Hedges,CLE,146,20,12976,2024
Jorge Soler,ATL,182,135,14221,2024
Isaac Paredes,CHC,212,86,20036,2024
Griffin Conine,MIA,89,114,21626,2024
Juan Yepez,WSN,249,113,18400,2024
Jonathan Aranda,TBR,143,113,21837,2024
Elias Díaz,COL,327,80,11680,2024
Kevin Pillar,LAA,282,88,12434,2024
Casey Schmitt,SFG,113,109,27577,2024
Jared Triolo,PIT,446,72,25807,2024
Steward Berroa,TOR,45,74,22766,2024
Thairo Estrada,SFG,381,64,16426,2024
Austin Wynns,CIN,20,165,15271,2024
Lane Thomas,CLE,187,84,16939,2024
Nasim Nuñez,WSN,78,92,25979,2024
Austin Slater,BAL,79,102,16153,2024
Joey Loperfido,HOU,118,89,29630,2024
Nick Castellanos,PHI,659,105,11737,2024
Garrett Stubbs,PHI,187,63,18067,2024
Weston Wilson,PHI,98,130,19358,2024
Davis Schneider,TOR,454,80,23565,2024
Kevin Kiermaier,TOR,217,53,11038,2024
Gary Sánchez,MIL,280,96,11442,2024
Bligh Madris,DET,75,97,20054,2024
Tyler Freeman,CLE,383,84,22532,2024
Jason Heyward,HOU,61,104,4940,2024
Heston Kjerstad,BAL,114,116,31166,2024
Nick Sogard,BOS,86,81,25483,2024
Josh Jung,TEX,188,102,26299,2024
Bo Bichette,TOR,336,71,19612,2024
Billy Cook,PIT,49,79,29573,2024
Josh Bell,ARI,162,123,13145,2024
Tyler Soderstrom,OAK,213,114,27467,2024
David Bote,CHC,48,106,14593,2024
Daniel Schneemann,CLE,221,93,25180,2024
Nolan Gorman,STL,402,87,22263,2024
Dominic Smith,BOS,278,97,15653,2024
Chadwick Tromp,ATL,54,68,16953,2024
Yoán Moncada,CHW,45,117,17232,2024
Austin Hays,BAL,175,104,19363,2024
Jorge Polanco,SEA,469,92,13152,2024
Nick Ahmed,SFG,172,65,12147,2024
Eli White,ATL,42,114,19346,2024
Austin Shenton,TBR,50,120,25425,2024
Drew Millas,WSN,62,78,25643,2024
Zach Remillard,CHW,39,98,19788,2024
Jon Berti,NYY,74,95,12037,2024
Jonatan Clase,TOR,23,186,26599,2024
Eric Haase,MIL,69,125,14111,2024
Blake Sabol,SFG,38,129,25805,2024
Alexander Canario,CHC,28,128,22842,2024
Stuart Fairchild,CIN,233,77,20321,2024
Nick Ahmed,LAD,49,50,12147,2024
James McCann,BAL,233,89,12859,2024
Derek Hill,TEX,45,112,16947,2024
Mark Canha,SFG,85,108,11445,2024
Luis Urías,SEA,109,107,16622,2024
TJ Friedl,CIN,341,88,19522,2024
Kyle McCann,OAK,157,102,25575,2024
Romy Gonzalez,BOS,216,97,21562,2024
Mason McCoy,SDP,57,55,22232,2024
Kyle Stowers,BAL,37,121,26151,2024
Garrett Cooper,CHC,41,119,15279,2024
Miguel Vargas,LAD,80,106,20178,2024
José Tena,WSN,164,87,23691,2024
Connor Norby,MIA,162,108,29592,2024
Jose Herrera,ARI,114,70,17040,2024
Carson Kelly,TEX,110,81,13620,2024
Reese McGuire,BOS,158,60,15674,2024
Jung Hoo Lee,SFG,158,83,33824,2024
Tommy Pham,CHW,297,104,2967,2024
Kevin Pillar,CHW,32,86,12434,2024
Jo Adell,LAA,451,90,20220,2024
Spencer Torkelson,DET,381,92,27465,2024
Rhys Hoskins,MIL,517,100,16472,2024
Brandon Crawford,STL,80,58,5343,2024
Oliver Dunn,MIL,104,68,26295,2024
Cristian Pache,PHI,118,60,19948,2024
David Dahl,PHI,62,73,13744,2024
Ezequiel Duran,TEX,285,74,23733,2024
Kody Clemens,PHI,120,92,20572,2024
Luis Guillorme,ARI,49,75,16451,2024
Elias Díaz,SDP,24,104,11680,2024
Ehire Adrianza,LAA,28,66,8418,2024
Joshua Palacios,PIT,78,93,19818,2024
Evan Carter,TEX,162,80,27790,2024
Robbie Grossman,TEX,122,103,5254,2024
Cal Stevenson,PHI,27,100,22411,2024
Mickey Moniak,LAA,418,79,19956,2024
Ben Gamel,HOU,69,117,12160,2024
Lenyn Sosa,CHW,369,80,22896,2024
Jace Jung,DET,94,102,31437,2024
Logan Driscoll,TBR,37,24,25475,2024
Ke'Bryan Hayes,PIT,396,59,18577,2024
Estevan Florial,CLE,111,80,19151,2024
Jordyn Adams,LAA,38,72,23788,2024
Andrés Chaparro,WSN,132,93,21797,2024
Brooks Baldwin,CHW,121,58,31394,2024
Jahmai Jones,NYY,47,96,18872,2024
Dominic Canzone,SEA,188,87,26438,2024
Leo Rivas,SEA,86,88,21009,2024
Jacob Wilson,OAK,103,86,33266,2024
Charlie Blackmon,COL,499,94,7859,2024
Jake Bauers,MIL,346,87,15194,2024
Charles Leblanc,LAA,28,150,19813,2024
Ildemaro Vargas,WSN,303,72,13324,2024
Luis Guillorme,ATL,21,19,16451,2024
Eric Wagaman,LAA,74,86,23395,2024
Jesse Winker,NYM,129,97,13590,2024
Kyle Manzardo,CLE,156,98,29794,2024
Aaron Schunk,COL,98,49,25524,2024
Nick Senzel,WSN,235,88,19293,2024
Edouard Julien,MIN,301,80,27534,2024
Blake Dunn,CIN,29,50,29487,2024
Danny Jansen,BOS,96,82,16535,2024
Isiah Kiner-Falefa,PIT,215,60,16512,2024
René Pinto,TBR,49,106,19859,2024
Avisaíl García,MIA,51,72,5760,2024
Oscar Colás,CHW,38,95,30162,2024
Jhonny Pereda,MIA,40,33,19802,2024
Zach DeLoach,CHW,75,79,27471,2024
Jackson Holliday,BAL,208,63,31781,2024
Kevin Kiermaier,LAD,64,57,11038,2024
Derek Hill,MIA,114,78,16947,2024
Seby Zavala,SEA,43,45,18887,2024
Santiago Espinal,CIN,391,75,19997,2024
Luis Guillorme,LAA,117,72,16451,2024
Willie Calhoun,LAA,254,96,17838,2024
Billy McKinney,PIT,28,52,15654,2024
Victor Robles,WSN,33,33,18363,2024
Thomas Saggese,STL,52,57,27883,2024
Angel Martínez,CLE,169,83,26540,2024
Gio Urshela,DET,325,76,10681,2024
Dillon Dingler,DET,87,37,27464,2024
Nick Yorke,PIT,42,82,27504,2024
Jacob Hurtubise,CIN,68,53,27599,2024
Yuli Gurriel,KCR,65,83,19198,2024
Tristan Gray,OAK,24,37,19877,2024
José Azocar,SDP,79,51,18821,2024
Luis Arraez,MIA,148,101,18568,2024
Austin Hays,PHI,80,85,19363,2024
Jon Singleton,HOU,405,105,10441,2024
Emmanuel Rivera,MIA,229,60,19890,2024
Bryce Johnson,SDP,73,57,20002,2024
Tommy Pham,KCR,104,59,2967,2024
David Villar,SFG,37,97,24782,2024
Tyler Black,MIL,57,68,29949,2024
Anthony Rendon,LAA,238,68,12861,2024
Gustavo Campero,LAA,48,73,22707,2024
Connor Norby,BAL,32,62,29592,2024
Miguel Sanó,LAA,95,75,12164,2024
Bryan De La Cruz,MIA,454,92,19600,2024
Blaze Alexander,ARI,185,88,23789,2024
Hunter Renfroe,KCR,424,92,15464,2024
Jerar Encarnacion,SFG,119,94,21871,2024
Alex Jackson,TBR,155,29,17276,2024
Ben Gamel,NYM,30,109,12160,2024
Luken Baker,STL,49,89,21497,2024
Jonah Heim,TEX,491,70,16930,2024
Jonatan Clase,SEA,43,34,26599,2024
Dominic Smith,CIN,29,51,15653,2024
Luis De Los Santos,TOR,31,33,21682,2024
Jared Walsh,TEX,60,87,18607,2024
Trey Cabbage,HOU,91,67,21078,2024
Zack Short,ATL,69,61,19562,2024
Danny Mendick,CHW,141,57,18889,2024
Jonathan Ornelas,TEX,40,49,24597,2024
Jasson Domínguez,NYY,67,84,28080,2024
Matt Thaiss,LAA,186,83,19318,2024
Brian Serven,TOR,71,38,19422,2024
Andrew Vaughn,CHW,619,97,26197,2024
Jamie Westbrook,BOS,48,55,15504,2024
Joey Gallo,WSN,260,76,14128,2024
Trenton Brooks,SFG,29,17,19384,2024
Taylor Walls,TBR,252,60,22458,2024
Cristian Pache,MIA,64,42,19948,2024
Alek Thomas,ARI,103,65,23792,2024
Tommy Pham,STL,77,84,2967,2024
Christopher Morel,CHC,421,92,21897,2024
Jason Vosler,SEA,30,51,16686,2024
Chas McCormick,HOU,267,66,19599,2024
Luke Williams,ATL,52,54,19931,2024
Cavan Biggio,LAD,88,86,19252,2024
DJ Stewart,NYM,194,88,17766,2024
Javier Sanoja,MIA,36,46,28253,2024
Tyler Locklear,SEA,49,58,31396,2024
Forrest Wall,ATL,32,62,16496,2024
Manuel Margot,MIN,343,79,14712,2024
Patrick Wisdom,CHC,174,75,13602,2024
Harold Ramírez,WSN,77,77,14387,2024
Niko Kavadas,LAA,106,77,29782,2024
J.D. Davis,NYY,22,18,16219,2024
Ramón Laureano,CLE,83,51,17128,2024
Dylan Carlson,TBR,127,84,20126,2024
David Hensley,MIA,58,65,25111,2024
J.D. Davis,OAK,135,97,16219,2024
Austin Slater,SFG,112,76,16153,2024
Matt Carpenter,STL,157,95,8090,2024
Donovan Walton,SFG,25,51,19314,2024
Grant McCray,SFG,130,71,25690,2024
Zach Dezenzo,HOU,65,84,31562,2024
Ali Sánchez,MIA,96,11,18551,2024
Gabriel Arias,CLE,161,70,22563,2024
Nick Loftin,KCR,171,50,27630,2024
Seth Brown,OAK,400,91,18171,2024
Joey Wendle,NYM,37,41,13853,2024
Joey Loperfido,TOR,144,61,29630,2024
Owen Miller,MIL,27,8,24655,2024
Adolis García,TEX,637,92,19287,2024
Johnathan Rodriguez,CLE,40,63,22530,2024
Anthony Rizzo,NYY,375,84,3473,2024
Austin Martin,MIN,257,94,27462,2024
Keibert Ruiz,WSN,485,71,19610,2024
Riley Adams,WSN,130,75,19864,2024
Armando Alvarez,OAK,39,62,19292,2024
Esteury Ruiz,OAK,65,85,21780,2024
Jack López,LAA,71,77,13663,2024
Andruw Monasterio,MIL,142,68,19455,2024
Brett Harris,OAK,123,65,29788,2024
Brooks Lee,MIN,185,62,31595,2024
Akil Baddoo,DET,82,46,22168,2024
Davis Wendzel,TEX,49,7,26469,2024
Jake Cave,COL,346,75,14477,2024
James Outman,LAD,156,54,24770,2024
Ben Rice,NYY,178,73,29576,2024
Curtis Mead,TBR,132,67,23986,2024
Tomás Nido,CHC,50,1,13755,2024
Austin Slater,CIN,21,-16,16153,2024
Travis Jankowski,TEX,207,48,13768,2024
Mickey Gasper,BOS,23,-16,24759,2024
Addison Barger,TOR,225,70,24598,2024
Jacob Amaya,CHW,71,19,23296,2024
Ty France,SEA,340,99,17982,2024
Graham Pauley,SDP,32,17,31363,2024
Alex Kirilloff,MIN,178,83,20325,2024
Whit Merrifield,PHI,174,63,11281,2024
Alika Williams,PIT,96,47,27604,2024
Robbie Grossman,KCR,38,22,5254,2024
Tyler Wade,SDP,156,56,15730,2024
Daniel Vogelbach,TOR,79,69,14130,2024
MJ Melendez,KCR,451,85,22197,2024
Andrew Benintendi,CHW,522,93,17901,2024
Vidal Bruján,MIA,278,73,20536,2024
Cole Tucker,LAA,57,58,17326,2024
Shay Whitcomb,HOU,46,76,27789,2024
Ryan Vilade,DET,49,26,22165,2024
Jeimer Candelario,CIN,463,87,13621,2024
Joey Wiemer,MIL,27,-6,27690,2024
Robbie Grossman,CHW,85,79,5254,2024
Michael Stefanic,LAA,124,63,25353,2024
Korey Lee,CHW,394,64,25543,2024
Grae Kessinger,HOU,25,-36,25813,2024
Miles Mastrobuoni,CHC,106,36,20017,2024
Drew Romo,COL,53,9,27763,2024
Harold Ramírez,TBR,169,70,14387,2024
Mitch Garver,SEA,430,88,15161,2024
Adael Amador,COL,36,-5,27962,2024
Curt Casali,SFG,125,62,12510,2024
Matt Mervis,CHC,28,-15,27845,2024
Christian Bethancourt,MIA,88,26,10028,2024
Daz Cameron,OAK,186,70,18353,2024
Tyler Nevin,OAK,278,82,17893,2024
Jace Peterson,ARI,26,-36,12325,2024
Bryan Ramos,CHW,108,64,25621,2024
Eloy Jiménez,CHW,249,82,17484,2024
Tucker Barnhart,ARI,96,49,10200,2024
Josh Bell,MIA,441,92,13145,2024
Aledmys Díaz,OAK,30,-34,15937,2024
Luis Campusano,SDP,299,83,22217,2024
Pedro León,HOU,21,-33,27781,2024
Victor Scott II,STL,155,40,31349,2024
Rowdy Tellez,PIT,421,90,15679,2024
Darell Hernaiz,OAK,135,50,26224,2024
Nacho Alvarez Jr.,ATL,32,-26,31765,2024
Justyn-Henry Malloy,DET,230,89,29606,2024
Eloy Jiménez,BAL,100,69,17484,2024
Travis Blankenhorn,WSN,32,-13,18395,2024
Nelson Velázquez,KCR,230,76,23359,2024
Tom Murphy,SFG,38,30,13499,2024
Kyren Paris,LAA,59,28,26420,2024
Nick Martini,CIN,163,71,12005,2024
DJ LeMahieu,NYY,228,52,9874,2024
Aaron Hicks,LAA,63,20,5297,2024
Keston Hiura,LAA,27,-26,20003,2024
Ryan Kreidler,DET,65,9,25867,2024
Chuckie Robinson,CHW,76,-5,19824,2024
Chris Taylor,LAD,246,74,13757,2024
Garrett Cooper,BOS,75,24,15279,2024
Nick Senzel,CHW,32,-33,19293,2024
Coby Mayo,BAL,46,-6,28312,2024
Mitch Haniger,SEA,423,85,14274,2024
Amed Rosario,CIN,59,3,15518,2024
Ryan Noda,OAK,111,44,23312,2024
Nick Allen,OAK,105,33,22277,2024
Adam Frazier,KCR,294,63,15223,2024
Ty France,CIN,195,82,17982,2024
Corey Julks,CHW,189,66,20311,2024
Sean Bouchard,COL,108,56,21270,2024
Jordan Walker,STL,178,72,27475,2024
Andrew Knizner,TEX,93,6,19514,2024
Will Benson,CIN,388,75,21853,2024
Mike Ford,CIN,62,5,15585,2024
Enmanuel Valdez,BOS,223,72,21716,2024
Wilmer Flores,SFG,242,68,5827,2024
Christian Encarnacion-Strand,CIN,123,33,30011,2024
Alan Trejo,COL,67,-21,20056,2024
Ji Hwan Bae,PIT,81,30,23818,2024
Vaughn Grissom,BOS,114,28,26031,2024
Nick Madrigal,CHC,94,57,20521,2024
Javier Báez,DET,289,43,12979,2024
Eddie Rosario,ATL,84,22,12155,2024
Marco Luciano,SFG,81,59,25616,2024
Bobby Dalbec,BOS,93,14,19966,2024
Henry Davis,PIT,122,30,29617,2024
Luke Maile,CIN,154,45,13355,2024
Braden Shewmake,CHW,67,-15,25817,2024
Pablo Reyes,BOS,64,23,16357,2024
José Fermín,STL,79,30,21746,2024
Kris Bryant,COL,155,70,15429,2024
Luis Matos,SFG,156,60,26467,2024
Trey Lipscomb,WSN,211,45,31567,2024
Kyle Stowers,MIA,172,56,26151,2024
Christopher Morel,TBR,190,59,21897,2024
Dominic Fletcher,CHW,241,43,26149,2024
Justin Foscue,TEX,44,-60,27501,2024
Nick Gordon,MIA,275,69,16337,2024
Nolan Jones,COL,297,70,20529,2024
Dylan Carlson,STL,138,51,20126,2024
Gavin Sheets,CHW,501,88,19901,2024
Edward Olivares,PIT,196,73,19698,2024
Joey Meneses,WSN,313,68,14366,2024
Omar Narváez,NYM,69,8,13338,2024
Jordan Beck,COL,184,32,31431,2024
Adam Duvall,ATL,330,58,10950,2024
Jack Suwinski,PIT,277,62,22244,2024
Bryan De La Cruz,PIT,168,37,19600,2024
Miguel Vargas,CHW,157,16,20178,2024
Yan Gomes,CHC,96,16,9627,2024
Hunter Goodman,COL,224,61,29715,2024
Eddie Rosario,WSN,235,53,12155,2024
Tim Anderson,MIA,241,27,15172,2024
Noelvi Marte,CIN,242,46,26517,2024
Martín Maldonado,CHW,147,11,6887,2024
José Abreu,HOU,120,0,15676,2024
Elehuris Montero,COL,247,48,20543,2024
Brandon Drury,LAA,360,34,11615,2024